{"cameraMode":{"drawMode":0,"name":"Shaded","section":"Shading Mode"},"sceneLighting":true,"audioPlay":false,"sceneViewState":{"m_AlwaysRefresh":false,"showFog":true,"showSkybox":true,"showFlares":true,"showImageEffects":true,"showParticleSystems":true,"showVisualEffectGraphs":true,"m_FxEnabled":true},"in2DMode":false,"pivot":{"x":821.0502319335938,"y":572.6090698242188,"z":-33.74623107910156},"rotation":{"x":0.037433505058288577,"y":0.055432528257369998,"z":-0.0020796889439225199,"w":0.9977586269378662},"size":971.7976684570313,"orthographic":true}